﻿{"cameraMode":{"drawMode":0,"name":"Shaded","section":"Shading Mode"},"sceneLighting":true,"audioPlay":false,"sceneViewState":{"showFog":true,"showMaterialUpdate":false,"showSkybox":true,"showFlares":true,"showImageEffects":true,"showParticleSystems":true},"in2DMode":false,"pivot":{"x":-0.1589469462633133,"y":0.9186786413192749,"z":7.251177787780762},"rotation":{"x":-0.01980915106832981,"y":0.005095764994621277,"z":-0.00010621624096529558,"w":-0.9998181462287903},"size":15.218140602111817,"orthographic":false}