﻿{"cameraMode":{"drawMode":0,"name":"Shaded","section":"Shading Mode"},"sceneLighting":true,"audioPlay":false,"sceneViewState":{"showFog":false,"showMaterialUpdate":false,"showSkybox":false,"showFlares":false,"showImageEffects":false,"showParticleSystems":true},"in2DMode":false,"pivot":{"x":-0.519287109375,"y":2.521764039993286,"z":-0.6858730316162109},"rotation":{"x":-0.03626556321978569,"y":0.9218680262565613,"z":-0.08906012773513794,"w":-0.37538599967956545},"size":10.0,"orthographic":false}